City,Lat,Lng,Max Temp,Humidity,Cloudiness,Wind Speed,Country,Date
Rikitea,-23.1203,-134.9692,74.01,71,0,14.43,PF,1632280834
Carutapera,-1.195,-46.02,78.1,83,24,7.65,BR,1632280834
Busselton,-33.65,115.3333,78.04,55,0,4.47,AU,1632280834
Nouadhibou,20.931,-17.0347,71.58,83,0,16.11,MR,1632280835
Banda Aceh,5.5577,95.3222,83.97,65,100,13.18,ID,1632280835
Atuona,-9.8,-139.0333,77.88,74,8,20.13,PF,1632280836
Viedma,-40.8135,-62.9967,48.81,55,0,12.84,AR,1632280836
Albany,42.6001,-73.9662,65.32,88,100,5.57,US,1632280836
Cidreira,-30.1811,-50.2056,59.79,68,100,8.03,BR,1632280837
Burnie,-41.0667,145.9167,66.92,62,3,13.47,AU,1632280837
Artyom,40.4723,50.333,71.74,75,15,3.51,AZ,1632280838
Hay River,60.8156,-115.7999,48.16,93,20,2.3,CA,1632280838
Mar del Plata,-38.0023,-57.5575,44.62,93,0,4.61,AR,1632280712
Mataura,-46.1927,168.8643,53.47,42,8,4.68,NZ,1632280839
Ushuaia,-54.8,-68.3,44.26,87,75,0.0,AR,1632280622
George Town,5.4112,100.3354,85.93,79,20,3.44,MY,1632280638
Dikson,73.5069,80.5464,34.05,73,100,1.52,RU,1632280839
Dustlik,40.5247,68.0358,66.38,19,0,3.96,UZ,1632280840
Pandan,14.0453,124.1694,86.34,69,99,3.71,PH,1632280840
San Juan,-31.5375,-68.5364,59.02,56,76,13.98,AR,1632280840
Lüderitz,-26.6481,15.1594,63.77,43,3,8.21,NA,1632280841
Bukama,-9.2,25.85,71.46,27,42,4.18,CD,1632280841
San Roque,36.2107,-5.3842,70.61,83,75,14.97,ES,1632280841
Jalu,29.0331,21.5482,80.19,27,0,9.46,LY,1632280842
Hohoe,7.1518,0.4736,72.23,98,100,2.06,GH,1632280842
Vila Franca do Campo,37.7167,-25.4333,68.41,84,11,7.67,PT,1632280843
Progreso,21.2833,-89.6667,82.51,83,7,12.8,MX,1632280843
Vaini,-21.2,-175.2,77.16,83,20,8.05,TO,1632280843
Barrow,71.2906,-156.7887,30.22,86,90,17.27,US,1632280757
Hobart,-42.8794,147.3294,73.11,41,0,5.01,AU,1632280844
Taoudenni,22.6783,-3.9836,92.98,9,0,7.9,ML,1632280844
Alekseyevsk,57.8406,108.3492,47.8,63,27,3.0,RU,1632280845
Hithadhoo,-0.6,73.0833,83.26,76,96,16.24,MV,1632280845
Padang,-0.9492,100.3543,83.7,69,97,3.8,ID,1632280564
Korem,12.5058,39.5228,56.17,58,26,3.33,ET,1632280845
Iqaluit,63.7506,-68.5145,31.73,100,90,8.05,CA,1632280815
Kidal,18.4411,1.4078,87.91,18,11,9.17,ML,1632280846
Punta Arenas,-53.15,-70.9167,48.31,81,90,5.75,CL,1632280847
Labuhan,-6.8844,112.2051,86.2,59,60,9.13,ID,1632280848
Moose Factory,51.2585,-80.6094,42.8,93,75,5.75,CA,1632280848
Berdigestyakh,62.0989,126.6992,48.92,53,70,11.34,RU,1632280848
Lata,40.1629,-8.3327,65.07,63,0,6.17,PT,1632280849
Fort Nelson,58.8053,-122.7002,51.39,66,20,0.0,CA,1632280849
Fortuna,40.5982,-124.1573,68.18,57,1,1.99,US,1632280850
Havre-St-Pierre,50.2334,-63.5986,54.19,93,100,4.94,CA,1632280850
Torbay,47.6666,-52.7314,55.67,86,1,19.57,CA,1632280850
Saint-Philippe,-21.3585,55.7679,67.59,76,40,9.6,RE,1632280851
San Ramon,37.7799,-121.978,82.65,41,1,3.0,US,1632280851
Chokurdakh,70.6333,147.9167,37.72,54,96,9.31,RU,1632280852
Mucurapo,10.6667,-61.5333,80.13,80,46,7.34,TT,1632280852
Yulara,-25.2406,130.9889,67.84,19,0,13.8,AU,1632280852
Alvarães,-3.2208,-64.8042,74.62,92,66,2.82,BR,1632280853
Nikolskoye,59.7035,30.7861,43.02,83,100,5.75,RU,1632280853
Yellowknife,62.456,-114.3525,46.92,100,90,8.05,CA,1632280793
Faanui,-16.4833,-151.75,79.0,69,10,4.25,PF,1632280854
Bluff,-46.6,168.3333,53.8,66,13,19.62,NZ,1632280854
La Ronge,55.1001,-105.2842,55.65,62,90,4.61,CA,1632280855
Talakan,50.3167,130.3667,63.86,51,100,8.21,RU,1632280855
Senec,48.2195,17.4004,54.27,62,40,5.75,SK,1632280855
Kapaa,22.0752,-159.319,84.18,72,40,5.01,US,1632280856
Porosozero,62.7191,32.727,31.32,98,85,4.47,RU,1632280856
Laas,46.6166,10.7002,51.26,62,19,4.76,IT,1632280857
Saint-Pierre,-21.3393,55.4781,67.68,58,0,8.05,RE,1632280857
Castro,-24.7911,-50.0119,58.77,94,100,9.15,BR,1632280857
Olafsvik,64.8945,-23.7142,38.48,78,92,3.85,IS,1632280858
Erzin,36.9559,36.2,74.12,88,21,0.81,TR,1632280858
Kargasok,59.0556,80.8572,34.34,91,100,4.21,RU,1632280858
Buala,-8.145,159.5921,85.46,68,21,4.94,SB,1632280859
Xai-Xai,-25.0519,33.6442,67.62,55,95,15.48,MZ,1632280859
Arraial do Cabo,-22.9661,-42.0278,69.75,82,100,29.1,BR,1632280860
Trairi,-3.2778,-39.2689,77.23,84,28,9.78,BR,1632280612
New Norfolk,-42.7826,147.0587,72.75,47,6,7.0,AU,1632280860
Rumoi,43.9344,141.6428,69.39,79,100,5.84,JP,1632280861
Ponta do Sol,32.6667,-17.1,73.0,73,100,5.82,PT,1632280861
Carnarvon,-24.8667,113.6333,86.07,23,34,11.5,AU,1632280862
Taltal,-25.4,-70.4833,57.0,79,2,1.63,CL,1632280862
Port Alfred,-33.5906,26.891,55.17,75,1,6.2,ZA,1632280863
Yangi Marg`ilon,40.4272,71.7189,68.72,32,0,6.91,UZ,1632280863
Salinópolis,-0.6136,-47.3561,79.52,79,40,11.21,BR,1632280864
Najrān,17.4924,44.1277,74.05,34,80,2.89,SA,1632280864
Codajás,-3.8367,-62.0569,74.3,88,26,2.35,BR,1632280864
Boa Vista,2.8197,-60.6733,80.58,74,75,1.14,BR,1632280815
Tasiilaq,65.6145,-37.6368,32.16,60,55,9.1,GL,1632280865
Longyearbyen,78.2186,15.6401,40.84,65,40,11.5,SJ,1632280865
Tiksi,71.6872,128.8694,36.19,71,100,4.18,RU,1632280866
Quatre Cocos,-20.2078,57.7625,70.09,62,17,11.95,MU,1632280866
Roald,62.5833,6.1333,62.65,63,75,23.02,NO,1632280866
Rupert,42.6191,-113.6772,62.04,39,1,8.05,US,1632280718
Cape Town,-33.9258,18.4232,53.11,79,0,1.01,ZA,1632280754
Road Town,18.4167,-64.6167,84.29,72,91,15.46,VG,1632280867
Pevek,69.7008,170.3133,27.63,75,99,11.59,RU,1632280868
Thompson,55.7435,-97.8558,42.96,81,75,2.3,CA,1632280746
Wamba,8.9333,8.6,70.48,98,100,2.13,NG,1632280812
Kamenka,51.3223,42.7678,48.78,92,87,6.6,RU,1632280868
Coquimbo,-29.9533,-71.3436,55.13,71,90,4.61,CL,1632280869
Shingū,33.7333,135.9833,79.92,81,40,4.09,JP,1632280869
Agapovka,53.2973,59.1348,34.81,57,44,2.64,RU,1632280869
Santiago del Estero,-27.7951,-64.2615,60.8,63,100,3.27,AR,1632280870
Tomatlán,19.9333,-105.25,77.68,93,57,2.37,MX,1632280870
East London,-33.0153,27.9116,54.54,76,20,3.44,ZA,1632280871
Tuktoyaktuk,69.4541,-133.0374,37.4,70,90,14.97,CA,1632280871
Bull Savanna,17.8868,-77.5902,77.74,74,21,1.12,JM,1632280871
Evensk,61.95,159.2333,43.02,90,100,17.58,RU,1632280872
Köping,59.514,15.9926,50.45,98,100,2.93,SE,1632280872
Agua Verde,22.9,-106.05,86.04,79,46,9.64,MX,1632280873
San-Pédro,4.7485,-6.6363,75.09,95,96,5.46,CI,1632280873
Bredasdorp,-34.5322,20.0403,42.12,87,0,4.61,ZA,1632280874
Palotina,-24.2839,-53.84,71.55,66,99,8.1,BR,1632280874
Grindavik,63.8424,-22.4338,40.95,87,75,6.91,IS,1632280874
Avarua,-21.2078,-159.775,77.05,73,40,4.61,CK,1632280721
Zhangye,38.9342,100.4517,72.95,22,19,2.8,CN,1632280875
Porbandar,21.6422,69.6093,84.18,79,40,10.36,IN,1632280875
Guhāgar,17.4842,73.1929,77.32,90,100,0.96,IN,1632280876
Tura,25.5198,90.2201,75.34,86,100,0.07,IN,1632280876
Chui,-33.6971,-53.4616,55.24,75,92,8.84,UY,1632280876
Saint Paul Harbor,57.79,-152.4072,49.51,29,1,25.32,US,1632280877
Port Elizabeth,-33.918,25.5701,44.89,93,1,2.3,ZA,1632280877
Port Antonio,18.18,-76.4612,82.31,82,39,2.64,JM,1632280878
Inuvik,68.3499,-133.7218,36.46,75,90,6.91,CA,1632280829
Jaunpur,25.7333,82.6833,86.02,75,1,10.11,IN,1632280878
São Filipe,14.8961,-24.4956,79.14,81,7,8.52,CV,1632280878
Noumea,-22.2763,166.4572,80.58,59,87,3.42,NC,1632280879
Tuatapere,-46.1333,167.6833,53.82,55,13,5.14,NZ,1632280879
Nuuk,64.1835,-51.7216,32.61,86,75,11.5,GL,1632280880
Zhigansk,66.7697,123.3711,45.64,56,100,20.58,RU,1632280880
Norman Wells,65.282,-126.8329,42.84,75,75,9.22,CA,1632280880
Bariloche,-41.1456,-71.3082,55.15,38,40,4.61,AR,1632280881
Lebu,-37.6167,-73.65,50.4,85,54,3.91,CL,1632280881
Hilo,19.7297,-155.09,79.29,83,90,6.91,US,1632280665
Gladstone,-23.85,151.25,73.33,23,0,8.05,AU,1632280752
Kundgol,15.25,75.25,73.6,85,100,11.88,IN,1632280882
Songyang,34.4553,113.0281,82.9,48,35,4.59,CN,1632280882
Lavrentiya,65.5833,-171.0,34.59,59,100,14.56,RU,1632280883
Jijiga,9.35,42.8,62.96,83,61,10.71,ET,1632280883
Butaritari,3.0707,172.7902,83.41,70,85,12.06,KI,1632280883
Faya,18.3851,42.4509,68.11,42,96,6.46,SA,1632280884
Inhambane,-23.865,35.3833,69.66,70,100,16.02,MZ,1632280884
Bubaque,11.2833,-15.8333,81.0,81,90,11.32,GW,1632280884
Bedford,52.1346,-0.4663,53.31,96,95,6.49,GB,1632280698
Bagru,26.8088,75.5423,79.14,79,92,7.92,IN,1632280885
Cayenne,4.9333,-52.3333,83.08,81,0,3.0,GF,1632280885
Kahului,20.8947,-156.47,80.62,62,40,20.71,US,1632280886
Sur,22.5667,59.5289,85.93,63,13,6.91,OM,1632280886
Nsanje,-16.92,35.262,72.41,67,86,7.05,MW,1632280886
Gigmoto,13.7796,124.39,86.92,65,91,6.67,PH,1632280887
Ponta Delgada,37.7333,-25.6667,68.72,73,20,6.91,PT,1632280887
Jamestown,42.097,-79.2353,67.06,97,90,7.0,US,1632280731
Bac Lieu,9.285,105.7244,85.62,68,87,10.02,VN,1632280888
Guozhen,34.3659,107.359,78.57,62,99,4.63,CN,1632280888
Esperance,-33.8667,121.9,71.56,38,0,9.57,AU,1632280889
Chebarkul',54.9749,60.3633,36.9,73,7,2.98,RU,1632280889
Fuyang,32.9,115.8167,85.23,61,1,8.28,CN,1632280889
Te Anau,-45.4167,167.7167,52.36,59,8,4.12,NZ,1632280890
Port Lincoln,-34.7333,135.8667,61.47,61,73,9.37,AU,1632280890
Geraldton,-28.7667,114.6,88.21,11,0,16.11,AU,1632280891
Lagoa,39.05,-27.9833,69.75,80,0,15.01,PT,1632280891
Lorengau,-2.0226,147.2712,84.81,68,100,7.16,PG,1632280891
Bambous Virieux,-20.3428,57.7575,70.21,73,40,3.44,MU,1632280892
Redmond,47.674,-122.1215,67.91,71,11,1.01,US,1632280736
Saldanha,-33.0117,17.9442,50.05,56,10,7.85,ZA,1632280892
Lompoc,34.6391,-120.4579,72.1,95,75,0.0,US,1632280720
Vanavara,60.34,102.2797,41.54,70,52,9.26,RU,1632280893
Tālbahat,25.05,78.4333,80.94,79,10,6.13,IN,1632280893
Hermanus,-34.4187,19.2345,52.9,85,1,12.75,ZA,1632280893
Charters Towers,-20.1,146.2667,72.63,12,19,15.26,AU,1632280894
Beloha,-25.1667,45.05,64.49,96,75,4.59,MG,1632280894
Clyde River,70.4692,-68.5914,27.12,80,41,5.01,CA,1632280895
Ambon City,-3.6954,128.1814,82.54,89,40,5.75,ID,1632280895
Bulgan,48.8125,103.5347,45.93,77,100,5.97,MN,1632280895
Aksu,41.1231,80.2644,75.0,23,0,4.94,CN,1632280896
Jega,12.2175,4.3792,77.81,81,92,12.01,NG,1632280896
Talnakh,69.4865,88.3972,34.72,73,23,1.92,RU,1632280896
Oistins,13.0667,-59.5333,82.49,74,20,11.5,BB,1632280897
Xinyu,27.8043,114.9334,88.56,43,0,2.95,CN,1632280897
Bāfq,31.6128,55.4107,81.03,14,7,3.83,IR,1632280898
Half Moon Bay,37.4636,-122.4286,83.41,67,20,13.8,US,1632280898
Batagay,67.6333,134.6333,45.72,52,95,2.21,RU,1632280898
Dudinka,69.4058,86.1778,32.97,81,98,18.77,RU,1632280899
Kristiansund,63.1115,7.732,62.65,76,75,4.61,NO,1632280899
Havøysund,70.9963,24.6622,43.68,77,79,39.57,NO,1632280900
Les Cayes,18.2,-73.75,79.56,80,78,2.53,HT,1632280900
Itacoatiara,-3.1431,-58.4442,78.53,69,37,3.09,BR,1632280900
Kavieng,-2.5744,150.7967,84.69,70,71,10.0,PG,1632280901
Pacific Grove,36.6177,-121.9166,77.99,79,1,1.01,US,1632280901
Ishigaki,24.3448,124.1572,87.93,79,40,9.22,JP,1632280901
Goma,-1.6792,29.2228,64.69,82,75,6.91,CD,1632280902
Emerald,-23.5333,148.1667,73.15,16,0,17.94,AU,1632280902
Kichera,55.9375,110.0997,48.33,54,13,3.44,RU,1632280903
Bethel,41.3712,-73.414,70.11,89,90,0.0,US,1632280778
Khatanga,71.9667,102.5,34.86,85,100,15.55,RU,1632280903
West Bay,19.3667,-81.4167,84.27,82,20,1.01,KY,1632280808
Muros,42.7762,-9.0603,61.99,79,23,16.55,ES,1632280904
Finschhafen,-6.6024,147.8681,83.39,71,100,9.13,PG,1632280904
Puerto Ayora,-0.7393,-90.3518,68.56,90,44,7.0,EC,1632280904
Mayachnyy,52.6839,55.685,46.78,40,100,8.72,RU,1632280905
Pascagoula,30.3658,-88.5561,77.23,91,1,0.0,US,1632280905
Meulaboh,4.1363,96.1285,81.25,74,100,2.04,ID,1632280905
Oussouye,12.485,-16.5469,82.49,88,57,5.91,SN,1632280906
Mayo,38.8876,-76.5119,74.25,90,75,7.0,US,1632280906
Jutaí,-5.1833,-68.9,73.09,95,66,2.46,BR,1632280907
Tessaoua,13.7574,7.9874,84.18,54,100,8.79,NE,1632280907
Lakatoro,-16.0999,167.4164,82.26,67,39,5.41,VU,1632280907
Lyuban',52.7985,28.0048,40.32,96,100,9.75,BY,1632280908
Mnogovershinnyy,53.9353,139.9242,48.97,55,45,7.07,RU,1632280908
Qaanaaq,77.484,-69.3632,9.3,74,0,8.75,GL,1632280909
Saint George,37.1041,-113.5841,80.94,18,1,1.01,US,1632280861
Cherskiy,68.75,161.3,35.8,42,100,8.57,RU,1632280909
Hong Kong,22.2855,114.1577,91.45,70,53,1.99,HK,1632280910
Sumter,28.7086,-82.0831,76.1,88,100,9.75,US,1632280910
Zatoka,46.0725,30.4654,46.94,68,53,15.82,UA,1632280911
Saskylakh,71.9167,114.0833,35.4,95,100,9.24,RU,1632280911
Oga,46.4631,10.347,46.69,77,7,4.27,IT,1632280912
Khurda,20.1833,85.6167,82.31,75,59,1.34,IN,1632280912
Vostok,46.4856,135.8833,54.01,97,100,1.63,RU,1632280913
Tolaga Bay,-38.3667,178.3,62.73,62,100,5.91,NZ,1632280913
Nichinan,31.6,131.3667,85.68,65,84,7.2,JP,1632280913
Upernavik,72.7868,-56.1549,20.53,53,99,5.59,GL,1632280914
Januária,-15.4833,-44.3667,83.97,33,84,1.59,BR,1632280914
Mariinskiy Posad,56.115,47.718,45.54,61,98,12.84,RU,1632280914
Nhulunbuy,-12.2333,136.7667,81.21,47,20,24.16,AU,1632280915
Jambi City,-1.6,103.6167,85.62,63,84,5.53,ID,1632280915
Savannah Bight,16.45,-85.85,82.0,74,30,11.03,HN,1632280916
Kyshtovka,56.555,76.6271,36.5,99,100,7.7,RU,1632280916
Pouébo,-20.4,164.5667,80.1,54,85,13.33,NC,1632280916
Deputatsky,69.3,139.9,36.55,58,100,1.92,RU,1632280917
Comodoro Rivadavia,-45.8667,-67.5,67.86,17,0,13.8,AR,1632280804
João Câmara,-5.5375,-35.8197,74.44,96,6,6.98,BR,1632280917
Kushmurun,52.4503,64.6311,40.89,63,34,4.27,KZ,1632280918
Uíge,-7.6087,15.0613,66.33,91,84,3.24,AO,1632280918
Cabo San Lucas,22.8909,-109.9124,83.61,86,98,4.03,MX,1632280822
Narsaq,60.9167,-46.05,37.62,78,100,2.24,GL,1632280918
Acaraú,-2.8856,-40.12,77.31,84,8,12.41,BR,1632280919
Grand Gaube,-20.0064,57.6608,70.38,64,5,1.99,MU,1632280919
Ibrā’,22.6906,58.5334,80.06,65,14,3.15,OM,1632280920
Wakkanai,45.4094,141.6739,67.98,94,75,8.05,JP,1632280920
Natal,-5.795,-35.2094,75.85,94,20,4.61,BR,1632280920
Flinders,-34.5833,150.8552,69.19,50,7,8.99,AU,1632280921
Blairmore,49.6,-114.4353,58.12,71,46,4.61,CA,1632280921
Waipawa,-41.4122,175.5153,54.45,68,100,7.16,NZ,1632280922
Laguna,38.421,-121.4238,86.31,37,1,0.0,US,1632280922
Baoro,5.6667,15.9667,67.57,96,100,2.13,CF,1632280922
Dingle,10.9995,122.6711,83.41,74,86,4.97,PH,1632280923
Mehamn,71.0357,27.8492,39.15,75,0,31.07,NO,1632280923
Seydi,39.4816,62.9137,64.63,16,0,9.55,TM,1632280924
Orlik,52.5178,99.825,38.88,61,100,4.36,RU,1632280924
Sisimiut,66.9395,-53.6735,28.81,77,23,6.4,GL,1632280924
Olinda,-8.0089,-34.8553,76.73,73,40,4.61,BR,1632280925
Bathsheba,13.2167,-59.5167,83.01,74,20,11.5,BB,1632280925
Ayagoz,47.9714,80.4392,39.61,55,5,12.91,KZ,1632280926
Katsuura,35.1333,140.3,78.91,81,98,14.25,JP,1632280926
Besuki,-7.7338,113.6979,85.57,60,97,7.05,ID,1632280927
La Libertad,-2.2333,-80.9,71.26,88,40,9.22,EC,1632280927
Krasnosel'kup,65.7,82.4667,33.51,74,100,16.73,RU,1632280927
North Vanlaiphai,23.1333,93.0667,72.25,67,93,0.74,IN,1632280755
Atbasar,51.8,68.3333,38.17,62,30,4.16,KZ,1632280928
Middleton,53.55,-2.2,56.91,94,81,3.51,GB,1632280928
Kruisfontein,-34.0033,24.7314,46.6,86,4,4.65,ZA,1632280929
Seymchan,62.8833,152.4333,39.33,81,22,2.8,RU,1632280929
Kisangani,0.5167,25.2,67.91,97,89,2.3,CD,1632280929
Cheney,47.4874,-117.5758,64.42,49,20,5.75,US,1632280930
Chara,56.9064,118.2631,53.85,81,100,3.27,RU,1632280930
Kavaratti,10.5669,72.642,81.81,79,93,16.37,IN,1632280931
Airai,-8.9266,125.4092,70.05,49,94,6.71,TL,1632280931
Bereda,43.2686,-7.5406,58.91,100,59,6.08,ES,1632280932
Kiryat Gat,31.61,34.7642,76.41,76,0,3.56,IL,1632280740
Belmonte,-15.8631,-38.8828,73.9,87,26,13.42,BR,1632280932
Split,43.5089,16.4392,60.91,36,0,8.05,HR,1632280762
Mareeba,-17.0,145.4333,78.44,43,51,8.34,AU,1632280933
Pisco,-13.7,-76.2167,62.02,82,0,14.97,PE,1632280933
Christchurch,-43.5333,172.6333,57.9,59,90,5.01,NZ,1632280688
Shizunai-furukawachō,42.3339,142.3669,71.19,79,94,10.78,JP,1632280933
Fairbanks,64.8378,-147.7164,37.6,61,75,8.05,US,1632280934
Lianzhou,24.7811,112.3825,84.49,75,99,1.92,CN,1632280804
Prince Rupert,54.3161,-130.3201,55.49,92,90,4.61,CA,1632280738
Nioro,13.35,-15.75,76.75,95,26,5.17,GM,1632280935
Scarborough,54.2797,-0.4044,58.08,87,88,10.83,GB,1632280935
Montclair,40.8259,-74.209,72.37,92,90,4.61,US,1632280929
San Cristobal,7.7669,-72.225,65.55,96,86,2.84,VE,1632280936
Byron Bay,-28.65,153.6167,74.05,51,65,19.19,AU,1632280936
Ixtapa,20.7,-105.2,83.23,84,99,1.01,MX,1632280936
Souillac,-20.5167,57.5167,70.36,73,40,3.44,MU,1632280937
Nanortalik,60.1432,-45.2371,35.08,83,100,12.06,GL,1632280937
Tual,-5.6667,132.75,80.33,81,87,21.9,ID,1632280937
Buinsk,54.95,48.2833,48.09,50,99,15.66,RU,1632280938
Ketchikan,55.3422,-131.6461,54.07,94,90,5.75,US,1632280705
Pangai,-19.8,-174.35,77.11,73,75,13.8,TO,1632280938
Namatanai,-3.6667,152.4333,83.62,73,99,7.81,PG,1632280939
Husavik,66.0449,-17.3389,35.51,92,100,26.28,IS,1632280939
Bhīmunipatnam,17.8833,83.4333,83.71,73,100,1.63,IN,1632280940
Bakel,14.905,-12.4568,82.26,74,80,12.12,SN,1632280940
Conceição do Araguaia,-8.2578,-49.2647,83.95,34,73,2.91,BR,1632280940
Almeirim,-1.5233,-52.5817,75.04,90,45,4.79,BR,1632280941
Ammon,43.4696,-111.9666,54.82,60,1,3.0,US,1632280941
Zaoyang,32.1272,112.7542,86.25,53,3,12.24,CN,1632280942
Gouré,13.9835,10.2704,81.01,38,100,4.18,NE,1632280942
Puerto del Rosario,28.5004,-13.8627,73.15,64,32,12.66,ES,1632280942
Honiara,-9.4333,159.95,83.86,75,31,3.85,SB,1632280943
Quzhou,28.9594,118.8686,86.13,49,0,1.52,CN,1632280943
Barranca,-10.75,-77.7667,60.96,88,70,7.74,PE,1632280943
Beberibe,-4.1797,-38.1306,80.64,86,26,10.33,BR,1632280944
Beşikdüzü,41.052,39.2284,67.89,90,99,12.24,TR,1632280944
Kaeo,-35.1,173.7833,65.32,80,66,17.54,NZ,1632280944
Provideniya,64.3833,-173.3,35.71,60,75,8.95,RU,1632280945
Tawao,4.2498,117.8871,86.13,73,85,5.28,MY,1632280945
Hasaki,35.7333,140.8333,82.8,82,79,14.58,JP,1632280945
San Quintín,30.4833,-115.95,72.77,75,0,8.99,MX,1632280946
Mahébourg,-20.4081,57.7,70.25,73,40,3.44,MU,1632280946
Doha,25.2867,51.5333,85.98,53,0,6.91,QA,1632280925
Kuril'sk,45.2333,147.8833,60.71,89,100,13.33,RU,1632280947
Batemans Bay,-35.7167,150.1833,72.19,44,8,7.96,AU,1632280947
Vaitape,-16.5167,-151.75,78.96,69,10,4.14,PF,1632280947
Muswellbrook,-32.2667,150.9,65.8,35,6,1.88,AU,1632280948
Vestmanna,62.1564,-7.1664,49.12,81,75,20.71,FO,1632280948
Yichang,30.7144,111.2847,88.18,44,4,1.54,CN,1632280949
Conakry,9.538,-13.6773,77.36,84,90,6.67,GN,1632280949
Ostrovnoy,68.0531,39.5131,34.25,87,3,11.45,RU,1632280949
Port Hardy,50.6996,-127.4199,53.78,94,90,0.0,CA,1632280950
Nantucket,41.2835,-70.0995,70.02,88,75,8.05,US,1632280950
Monrovia,6.3005,-10.7969,77.54,86,95,5.84,LR,1632280951
Barraute,48.4335,-77.6328,52.07,96,100,9.42,CA,1632280951
Moa,20.6569,-74.9403,80.46,87,21,10.02,CU,1632280951
Matadi,-5.8167,13.45,75.94,79,86,7.76,CD,1632280952
Severo-Kuril'sk,50.6789,156.125,52.16,73,71,12.26,RU,1632280952
High Level,58.5169,-117.136,51.91,71,75,2.3,CA,1632280952
Koslan,63.4564,48.8989,32.85,85,15,3.53,RU,1632280953
Impfondo,1.6381,18.0667,70.68,99,100,1.63,CG,1632280953
Bud,39.447,-86.1758,67.12,97,100,11.88,US,1632280953
Wajima,37.4,136.9,77.68,88,75,13.8,JP,1632280954
São João da Barra,-21.6403,-41.0511,71.91,76,42,25.99,BR,1632280954
Coyhaique,-45.5752,-72.0662,46.35,81,0,8.05,CL,1632280955
Natá,8.3333,-80.5167,76.46,90,100,5.46,PA,1632280955
Eilat,29.5581,34.9482,78.64,47,0,13.8,IL,1632280955
Bernalillo,35.05,-106.6673,70.54,32,1,5.01,US,1632280956
Rohatyn,49.409,24.6093,45.45,84,100,9.95,UA,1632280956
Sitka,57.0531,-135.33,53.49,62,75,16.11,US,1632280956
Richards Bay,-28.783,32.0377,62.67,68,100,7.31,ZA,1632280957
Preobrazheniye,42.9019,133.9064,71.26,75,13,7.92,RU,1632280957
Bontang,0.1333,117.5,76.01,85,100,2.89,ID,1632280958
Kingston,17.997,-76.7936,81.55,90,20,1.01,JM,1632280958
Cascais,38.6979,-9.4215,70.47,44,0,8.01,PT,1632280958
Ordzhonīkīdze,52.4411,61.7408,42.22,53,28,4.09,KZ,1632280959
Khairāgarh,26.95,77.8167,85.57,66,26,8.57,IN,1632280959
Soyo,-6.1349,12.3689,74.55,84,98,7.2,AO,1632280959
Karratha,-20.7377,116.8463,86.49,17,100,25.66,AU,1632280960
Cardston,49.2,-113.3019,62.46,50,17,9.44,CA,1632280823
Inverell,-29.7833,151.1167,64.11,30,0,7.0,AU,1632280960
Isangel,-19.55,169.2667,87.91,58,75,5.75,VU,1632280961
Kashan,33.9831,51.4364,75.69,18,0,8.93,IR,1632280961
Dunedin,-45.8742,170.5036,56.8,66,5,8.01,NZ,1632280962
Río Gallegos,-51.6226,-69.2181,44.65,87,0,4.61,AR,1632280962
Cabañas,22.9758,-82.9219,81.07,88,98,8.7,CU,1632280962
Puqi,29.7167,113.8833,88.29,50,0,2.46,CN,1632280963
Sibolga,1.7427,98.7792,85.26,61,51,2.93,ID,1632280963
Abéché,13.8292,20.8324,78.71,63,91,7.47,TD,1632280963
Virginia Beach,36.8529,-75.978,77.05,90,90,1.01,US,1632280846
Kalabo,-14.97,22.6814,66.94,21,20,3.2,ZM,1632280964
Tochio-honchō,37.4667,139.0,73.8,55,35,3.85,JP,1632280964
Beni,0.5,29.4667,61.23,99,84,0.49,CD,1632280965
Sijunjung,-0.6876,100.9537,85.17,62,81,0.43,ID,1632280965
Mathbaria,22.2876,89.9593,77.72,92,100,6.04,BD,1632280965
Moree,-29.4667,149.85,66.22,24,0,14.97,AU,1632280966
Bayshore Gardens,27.4253,-82.5904,78.15,75,99,16.58,US,1632280967
Ahipara,-35.1667,173.1667,64.2,75,95,20.13,NZ,1632280967
Piancó,-7.1981,-37.9292,80.49,49,16,11.81,BR,1632280967
Campbell River,50.0163,-125.2446,56.73,96,75,0.0,CA,1632280922
Hamadan,34.7992,48.5146,60.69,28,0,3.67,IR,1632280968
Zhengjiatun,43.5064,123.5064,54.95,91,100,14.32,CN,1632280968
Erdenet,49.0333,104.0833,44.1,77,100,6.46,MN,1632280969
Marystown,47.1666,-55.1483,56.35,87,0,12.48,CA,1632280969
Codrington,-38.2667,141.9667,58.95,71,96,13.02,AU,1632280970
Gambo,4.6482,22.2633,67.42,99,100,2.13,CF,1632280970
Mangaratiba,-22.9597,-44.0406,70.66,89,98,11.36,BR,1632280971
Tautira,-17.7333,-149.15,80.62,74,5,9.28,PF,1632280971
Japura,-0.3167,102.35,86.52,60,35,4.34,ID,1632280971
Vila Velha,-20.3297,-40.2925,75.15,78,75,20.71,BR,1632280972
Aden,12.7794,45.0367,85.32,74,56,9.55,YE,1632280972
Nome,64.5011,-165.4064,39.27,49,90,10.36,US,1632280711
Tumut,-35.3,148.2167,56.39,63,3,6.04,AU,1632280973
Baykit,61.67,96.37,37.38,99,100,4.27,RU,1632280973
Yerbogachën,61.2767,108.0108,43.5,65,99,7.63,RU,1632280974
Srednekolymsk,67.45,153.6833,40.33,33,71,8.28,RU,1632280974
Kongolo,-5.3833,27.0,75.38,70,78,2.62,CD,1632280974
Bikin,46.8161,134.26,56.48,97,100,2.8,RU,1632280975
Sørland,67.667,12.6934,50.07,89,100,50.53,NO,1632280975
San Antonio,29.4241,-98.4936,86.11,44,20,13.8,US,1632280768
Mogadishu,2.0371,45.3438,76.59,87,60,10.54,SO,1632280975
Aripuanã,-9.1667,-60.6333,78.08,45,39,1.39,BR,1632280976
Kjøllefjord,70.9457,27.3465,39.02,75,0,31.07,NO,1632280976
Bangassou,4.7413,22.8184,66.11,98,85,1.79,CF,1632280977
Lishui,28.4604,119.9103,89.13,46,0,1.21,CN,1632280977
Harper,4.375,-7.7169,76.73,88,83,7.45,LR,1632280977
Khem Karan,31.1428,74.5667,80.69,73,59,7.72,IN,1632280978
Kalmunai,7.4167,81.8167,84.16,70,97,3.0,LK,1632280978
Tobol,52.6844,62.5794,41.47,55,42,4.56,KZ,1632280978
Constitución,-35.3333,-72.4167,53.19,81,100,6.87,CL,1632280979
High Rock,26.6208,-78.2833,78.82,70,100,7.99,BS,1632280979
Zhezkazgan,47.8043,67.7144,43.43,46,46,13.47,KZ,1632280980
Sioux Lookout,50.1001,-91.917,48.58,100,20,2.3,CA,1632280980
Strezhevoy,60.7333,77.5889,33.78,87,42,8.23,RU,1632280980
Sadao,6.6388,100.4234,85.82,70,91,5.97,TH,1632280981
Sinnamary,5.3833,-52.95,78.87,87,84,8.77,GF,1632280981
Le Pont-de-Claix,45.1244,5.7064,55.69,95,0,2.06,FR,1632280981
Nicoya,10.1483,-85.452,74.75,90,100,1.61,CR,1632280982
Bhawānipatna,19.9,83.1667,81.27,81,86,3.29,IN,1632280982
Pochutla,15.7432,-96.4661,79.83,82,88,2.71,MX,1632280983
Parksepa,57.9062,26.9836,42.6,97,100,5.84,EE,1632280983
Prado,-17.3411,-39.2208,72.66,89,27,10.89,BR,1632280983
Kalmar,56.6616,16.3616,49.96,96,90,0.0,SE,1632280984
Sompeta,18.9333,84.6,84.18,75,100,0.81,IN,1632280984
Hanmer Springs,-42.5167,172.8167,51.46,85,100,2.19,NZ,1632280984
Zhanakorgan,43.9098,67.2495,61.88,19,1,9.42,KZ,1632280985
Henties Bay,-22.116,14.2845,53.85,83,1,1.63,NA,1632280985
Kumul,42.8,93.45,73.63,22,77,4.54,CN,1632280986
Hangu,39.2489,117.7892,78.84,56,0,9.91,CN,1632280986
Kumano,34.3442,132.5894,81.52,74,47,7.49,JP,1632280986
Vágur,61.4732,-6.8119,50.47,78,92,38.21,FO,1632280987
Makakilo City,21.3469,-158.0858,82.72,64,20,9.22,US,1632280987
Bonavista,48.6499,-53.1147,59.11,84,15,12.28,CA,1632280987
Alofi,-19.0595,-169.9187,78.69,89,75,13.8,NU,1632280988
Bengkulu,-3.8004,102.2655,83.1,69,68,4.9,ID,1632280988
Salalah,17.0151,54.0924,80.69,83,75,5.75,OM,1632280989
Ancud,-41.8697,-73.8203,43.43,89,0,0.38,CL,1632280989
Samarai,-10.6167,150.6667,78.69,80,87,15.68,PG,1632280989
Nombre de Dios,23.85,-104.2333,73.81,53,91,4.5,MX,1632280991
Mount Gambier,-37.8333,140.7667,57.11,82,90,14.97,AU,1632280991
Ribeira Grande,38.5167,-28.7,71.1,79,15,14.47,PT,1632280991
Tromsø,69.6496,18.957,50.65,81,100,14.03,NO,1632280696
Muli,2.9167,73.5667,84.31,71,8,16.8,MV,1632280992
Ulagan,50.6321,87.9563,37.92,61,70,0.25,RU,1632280992
Makkah al Mukarramah,21.4267,39.8261,86.97,37,25,2.08,SA,1632280993
Washington,47.5001,-120.5015,61.95,49,7,3.04,US,1632280804
Okhotsk,59.3833,143.3,55.96,49,25,10.13,RU,1632280993
Karasjok,69.4719,25.5112,39.31,78,100,17.05,NO,1632280993
Praia da Vitória,38.7333,-27.0667,70.05,83,20,11.16,PT,1632280994
Mildura,-34.2,142.15,64.08,48,90,9.22,AU,1632280994
Belaya Gora,68.5333,146.4167,38.35,48,100,4.45,RU,1632280995
Karaton,-6.3424,106.1045,86.16,63,58,2.28,ID,1632280995
Diego de Almagro,-26.3667,-70.05,55.06,51,28,2.57,CL,1632280995
Limbang,4.75,115.0,86.31,53,83,1.74,MY,1632280996
Sandwick,60.0,-1.25,57.02,77,90,26.46,GB,1632280996
Honolulu,21.3069,-157.8583,84.02,70,40,18.41,US,1632280799
Kaitangata,-46.2817,169.8464,55.96,51,5,2.08,NZ,1632280997
Westport,41.1415,-73.3579,72.81,91,90,5.01,US,1632280997
Iznoski,54.9881,35.3108,40.44,98,100,6.53,RU,1632280997
Gwadar,25.1216,62.3254,81.9,85,52,6.69,PK,1632280998
Jennings,38.7192,-90.2604,64.15,81,75,1.01,US,1632280998
Touros,-5.1989,-35.4608,76.1,86,5,9.48,BR,1632280998
Bow Island,49.8668,-111.3684,64.78,38,9,9.22,CA,1632280999
Pueblo Nuevo,23.3833,-105.3833,59.41,74,82,5.19,MX,1632280999
Znamenskoye,57.1281,73.8282,37.42,98,100,6.78,RU,1632280999
Wilkie,52.4168,-108.7014,54.9,55,100,9.31,CA,1632281000
Klamath Falls,42.2249,-121.7817,67.48,43,1,1.01,US,1632281000
Serebryanyy Bor,56.8,124.8,57.25,59,26,9.82,RU,1632281001
Rameswaram,9.2833,79.3,83.89,73,61,10.25,IN,1632281001
Kilifi,-3.6305,39.8499,73.78,90,20,8.68,KE,1632281001
Flin Flon,54.7682,-101.865,48.83,86,100,10.47,CA,1632281002
Petropavlovsk-Kamchatskiy,53.0452,158.6483,61.39,34,40,13.42,RU,1632280995
Sala Consilina,40.3912,15.5989,56.84,94,35,4.43,IT,1632281002
Eureka,40.8021,-124.1637,65.35,65,18,3.06,US,1632281003
Obala,4.1667,11.5333,71.47,97,100,4.23,CM,1632281003
Hokitika,-42.7167,170.9667,56.1,61,100,7.63,NZ,1632281003
Asău,46.4333,26.4,42.96,84,100,4.54,RO,1632281004
Biltine,14.5333,20.9167,81.95,54,50,3.02,TD,1632281004
Wanaka,-44.7,169.15,50.05,67,8,4.81,NZ,1632281004
Alice Springs,-23.7,133.8833,62.15,20,20,17.27,AU,1632280804
Waingapu,-9.6567,120.2641,86.58,56,99,12.73,ID,1632281005
Portland,45.5234,-122.6762,73.35,56,1,4.61,US,1632280854
Bonito,-21.1211,-56.4819,75.15,62,2,7.83,BR,1632281006
Teya,60.3778,92.6267,33.73,77,100,9.19,RU,1632281006
Ilulissat,69.2167,-51.1,26.62,93,40,4.61,GL,1632281006
Slave Lake,55.2834,-114.769,57.18,67,75,5.75,CA,1632280713
San Patricio,28.017,-97.5169,86.09,71,0,5.7,US,1632281007
Palmer,42.1584,-72.3287,65.46,93,75,0.0,US,1632280777
Chornobay,49.6708,32.3239,43.99,88,100,12.39,UA,1632281008
Bagdarin,54.4333,113.6,47.14,65,42,10.85,RU,1632281008
Lucapa,-8.4192,20.7447,67.57,37,26,4.09,AO,1632281008
College,64.8569,-147.8028,38.86,61,75,8.05,US,1632280839
Sovetskiy,61.3614,63.5842,39.92,85,96,7.23,RU,1632281009
St. Pete Beach,27.7253,-82.7412,78.17,81,99,18.81,US,1632281010
Krasnoborsk,61.5598,45.934,30.27,96,8,4.07,RU,1632281010
Mount Darwin,-16.7725,31.5838,56.55,73,0,5.32,ZW,1632281010
Itarema,-2.9248,-39.9167,77.68,83,11,13.15,BR,1632281011
Akureyri,65.6835,-18.0878,35.53,87,0,5.75,IS,1632281011
Naghadeh,36.9553,45.388,62.37,44,0,1.01,IR,1632281012
Bossangoa,6.4926,17.4552,70.14,96,100,0.51,CF,1632281012
Kushiro,42.975,144.3747,67.15,94,75,14.97,JP,1632281013
Hermosillo,29.0667,-110.9667,92.21,68,75,8.01,MX,1632281013
Kieta,-6.2167,155.6333,84.67,67,82,5.46,PG,1632281013
Kysyl-Syr,63.8986,122.7617,48.72,52,98,11.92,RU,1632281014
Bouca,6.5105,18.2733,70.14,95,100,1.3,CF,1632280724
Kalevala,65.2,31.1667,31.26,94,1,2.39,RU,1632281014
Riyadh,24.6877,46.7219,78.85,18,0,3.44,SA,1632280915
Kemin,42.7846,75.6892,65.41,90,7,1.07,KG,1632281015
Leningradskiy,69.3833,178.4167,27.39,84,100,10.78,RU,1632281015
Stokmarknes,68.5646,14.9108,51.49,90,100,20.51,NO,1632281016
Zyryanka,65.75,150.85,42.21,45,100,3.22,RU,1632281016
Nanton,50.3501,-113.7687,62.65,38,37,6.4,CA,1632281016
Serebryansk,49.6925,83.2892,42.35,63,12,3.2,KZ,1632281017
Harar,9.3094,42.1258,58.64,92,92,4.5,ET,1632281017
Otane,-39.8833,176.6333,67.39,57,100,7.76,NZ,1632281018
Ouargaye,11.5033,0.0572,75.09,86,100,9.46,BF,1632281018
Kimbe,-5.5502,150.1429,84.13,78,78,2.1,PG,1632281018
Ternuvate,47.8305,36.1276,45.88,77,70,8.57,UA,1632281019
Forsytheganj,52.6333,29.7333,39.25,97,100,9.01,BY,1632281019
Abashiri,44.0213,144.2697,79.09,61,75,13.8,JP,1632281019
Sweetwater,25.7634,-80.3731,79.99,86,90,5.75,US,1632281020
Kilindoni,-7.9139,39.6668,76.17,80,6,11.18,TZ,1632281020
Vangaindrano,-23.35,47.6,65.1,92,10,6.4,MG,1632281021
Kholm-Zhirkovskiy,55.5189,33.4731,37.2,98,100,8.59,RU,1632281021
Hofn,64.2539,-15.2082,44.47,64,100,14.52,IS,1632281021
Sumedang,-6.8592,107.9207,83.12,55,100,4.38,ID,1632281022
Whitecourt,54.1502,-115.6855,58.24,54,75,2.3,CA,1632281022
Saint Anthony,45.0205,-93.218,55.71,74,1,1.99,US,1632281022
Itoman,26.1247,127.6694,88.18,79,20,8.05,JP,1632281023
Khandyga,62.6667,135.6,48.25,60,6,0.83,RU,1632281023
Oktyabr'skiy,54.4815,53.471,48.85,43,100,8.3,RU,1632281024
Desaguadero,-16.5656,-69.0417,45.41,63,100,4.03,PE,1632281024
Rawson,-43.3002,-65.1023,57.11,48,0,21.72,AR,1632280853
Deolāli,19.95,73.8333,73.42,91,100,9.28,IN,1632281025
Fort Saint James,54.4333,-124.25,51.06,91,100,3.85,CA,1632281025
Acapulco de Juárez,16.8634,-99.8901,80.37,84,34,6.08,MX,1632281025
Philadelphia,39.9523,-75.1638,71.76,90,90,1.01,US,1632280780
Brookhaven,31.5791,-90.4407,78.46,94,45,6.6,US,1632281026
Pontes e Lacerda,-15.2261,-59.3353,80.92,39,14,2.33,BR,1632281026
Florence,43.7667,11.25,63.64,80,0,3.44,IT,1632281027
Tepechitlán,21.6667,-103.3333,60.93,89,100,6.46,MX,1632281027
Sabang,5.8933,95.3214,82.17,73,100,21.07,ID,1632281027
Jardim,-21.4803,-56.1381,74.86,70,3,5.55,BR,1632281028
Mossamedes,-15.1961,12.1522,61.18,91,5,4.56,AO,1632281028
Arrondissement de Gap,44.6667,6.0,37.83,88,0,3.47,FR,1632281028
Muisne,0.6,-80.0333,73.96,90,100,11.81,EC,1632281029
Chipata,-13.6333,32.65,63.32,47,0,5.7,ZM,1632281029
The Valley,18.217,-63.0578,84.06,76,12,14.52,AI,1632281030
Province of Mantua,45.1667,10.7833,65.35,82,0,1.99,IT,1632281030
Parnamirim,-5.9156,-35.2628,75.54,94,20,4.61,BR,1632280731
Necochea,-38.5473,-58.7368,40.03,78,0,9.44,AR,1632281030
Mahon,39.8885,4.2658,68.56,83,0,9.22,ES,1632281031
Klaksvík,62.2266,-6.589,50.92,77,85,36.35,FO,1632281031
Chuka,-0.3332,37.6459,59.58,86,37,3.87,KE,1632281032
Amboise,47.4125,0.9827,52.34,93,0,4.61,FR,1632281032
Balyqshy,47.0667,51.8667,57.2,33,40,22.37,KZ,1632281032
Ulladulla,-35.35,150.4667,66.87,49,9,7.54,AU,1632281033
Porto Torres,40.835,8.3972,66.38,71,100,4.03,IT,1632281033
Yarim,14.298,44.3779,60.04,58,84,2.57,YE,1632281034
Ambilobe,-13.2,49.05,66.85,79,25,3.18,MG,1632281034
Navlya,52.8281,34.4989,44.74,98,100,1.7,RU,1632281034
Itacarambi,-15.1022,-44.0919,82.83,36,48,2.57,BR,1632281035
Ilek,51.5271,53.3831,51.91,38,100,9.31,RU,1632281035
Goderich,43.7501,-81.7165,61.92,94,100,10.36,CA,1632280975
Cerqueira César,-23.0356,-49.1661,59.07,82,98,20.6,BR,1632281035
Meadow Lake,34.8014,-106.5436,68.68,40,0,10.74,US,1632281036
Mbandaka,0.0487,18.2603,68.74,99,100,0.98,CD,1632281036
Bassila,9.0081,1.6654,71.71,98,100,3.22,BJ,1632281037
Darnah,32.767,22.6367,77.41,77,0,10.09,LY,1632281037
Dapitan,8.6464,123.4208,83.86,69,65,4.05,PH,1632281037
Marondera,-18.1853,31.5519,49.17,91,4,11.52,ZW,1632281038
Sola,-13.8833,167.55,81.27,83,90,0.0,VU,1632281038
Morón,-34.6534,-58.6198,55.15,70,0,1.99,AR,1632280873
Songyuan,45.1171,124.8568,54.9,94,100,11.86,CN,1632281039
İnegöl,40.0781,29.5133,56.48,97,100,1.59,TR,1632281039
Usinsk,65.9939,57.5281,40.6,96,100,6.78,RU,1632281039
Dongsheng,39.8161,109.9776,73.89,21,9,10.56,CN,1632281040
Catuday,16.2923,119.8062,83.62,70,83,5.68,PH,1632281040
La Roche-sur-Yon,46.6667,-1.4333,53.04,93,0,5.75,FR,1632281041
Yenagoa,4.9247,6.2642,72.55,98,94,2.84,NG,1632281041
Whyalla,-33.0333,137.5833,57.09,77,90,6.91,AU,1632281042
Luoyang,34.6836,112.4536,81.55,50,53,5.66,CN,1632280794
Uspenskoye,44.8311,41.3927,54.05,90,100,6.6,RU,1632281042
Aloleng,16.1307,119.7824,85.35,69,68,3.44,PH,1632281042
Chaman,30.9236,66.4512,77.45,10,0,2.51,PK,1632281043
Guerrero Negro,27.9769,-114.0611,75.36,66,100,10.85,MX,1632281043
